<?xml version="1.0" encoding="UTF-8"?>
<!--Logging Leve: ERROR > WARN > INFO > DEBUG > TRACE -->
<configuration>
	<appender name="STDOUT" class="ch.qos.logback.core.ConsoleAppender">
		<param name="Target" value="System.out" />
		<layout class="ch.qos.logback.classic.PatternLayout">
			<Pattern>
				%d{yyyy-MM-dd HH:mm:ss} [%thread] %-5level
				%logger{36}-%msg%n
			</Pattern>
		</layout>
		<filter class="ch.qos.logback.classic.filter.ThresholdFilter">
			<level>INFO</level>
		</filter>
	</appender>

	<appender name="FILE"
		class="ch.qos.logback.core.rolling.RollingFileAppender">
		<append>true</append>
		<layout class="ch.qos.logback.classic.PatternLayout">
			<Pattern>
				%d{yyyy-MM-dd HH:mm:ss} [%thread] %-5level
				%logger{36}-%msg%n
			</Pattern>
		</layout>

		<rollingPolicy class="ch.qos.logback.core.rolling.TimeBasedRollingPolicy">
			<fileNamePattern>D://logs/waalosadmin-%d{yyyy-MM-dd}.log
			</fileNamePattern>
			<!-- keep 30 days' worth of history capped at 3GB total size -->
			<maxHistory>10</maxHistory>		
			
		</rollingPolicy>

		<filter class="ch.qos.logback.classic.filter.ThresholdFilter">
			<level>INFO</level>
		</filter>
		
	</appender>

	<root>
		<appender-ref ref="FILE" />
		<appender-ref ref="STDOUT" />
	</root>
</configuration>