[
    {
       "id":35,
       "category":"public",
       "exposednamespace":"http://bced.wallonie.be/services/enterprise/messages/v2",
       "exposedoperation":"getEnterprise",
       "exposedws":"Enterprise",
       "path":"//*[local-name()='enterpriseNumber']/text()",
       "provider":"BCED",
       "version":"2.0"
    },
    {
       "id":39,
       "category":"private",
       "exposednamespace":"http://bced.wallonie.be/personHistory/messages/v1",
       "exposedoperation":"getAddressHistory",
       "exposedws":"PersonHistory",
       "path":null,
       "provider":"BCED",
       "version":"1.0"
    },
    {
       "id":24,
       "category":"private",
       "exposednamespace":"http://bced.wallonie.be/services/household/messages/v2",
       "exposedoperation":"isHeadOfHousehold",
       "exposedws":"householdv2",
       "path":"//*[local-name()='personNumber']/text()",
       "provider":"BCED",
       "version":"2.0"
    },
    {
       "id":25,
       "category":"private",
       "exposednamespace":"http://bced.wallonie.be/services/household/messages/v2",
       "exposedoperation":"getNumberOfHouseholdMembers",
       "exposedws":"householdV2",
       "path":"//*[local-name()='personNumber']/text()",
       "provider":"BCED",
       "version":"2.0"
    },
    {
       "id":26,
       "category":"private",
       "exposednamespace":"http://bced.wallonie.be/services/household/messages/v2",
       "exposedoperation":"getHousehold",
       "exposedws":"householdV2",
       "path":"//*[local-name()='personNumber']/text()",
       "provider":"BCED",
       "version":"2.0"
    },
    {
       "id":27,
       "category":"private",
       "exposednamespace":"http://bced.wallonie.be/services/household/messages/v2",
       "exposedoperation":"getHouseholdEvents",
       "exposedws":"householdV2",
       "path":"//*[local-name()='personNumber']/text()",
       "provider":"BCED",
       "version":"2.0"
    },
    {
       "id":28,
       "category":"private",
       "exposednamespace":"http://bced.wallonie.be/services/household/messages/v2",
       "exposedoperation":"getHeadOfHousehold",
       "exposedws":"householdV2",
       "path":"//*[local-name()='personNumber']/text()",
       "provider":"BCED",
       "version":"2.0"
    },
    {
       "id":44,
       "category":"private",
       "exposednamespace":"http://bced.wallonie.be/services/enterprise/messages/v2",
       "exposedoperation":"searchFunctionsBySSIN",
       "exposedws":"Entreprise",
       "path":"//*[local-name()='personNumber']/text()",
       "provider":"BCED",
       "version":"2.0"
    },
    {
       "id":49,
       "category":"private",
       "exposednamespace":"http://bced.wallonie.be/services/checkAccessControl/messages/v2",
       "exposedoperation":"checkAccessControl",
       "exposedws":"CheckAccessControlV2",
       "path":null,
       "provider":"BCED",
       "version":"1.0"
    },
    {
       "id":51,
       "category":"private",
       "exposednamespace":"http://spw.wallonie.be/services/form/messages/v1",
       "exposedoperation":"getPrefilledData",
       "exposedws":"formV1",
       "path":"//*[local-name()='enterpriseNumber']/text()",
       "provider":"BCED",
       "version":"1.0"
    },
    {
       "id":52,
       "category":"private",
       "exposednamespace":null,
       "exposedoperation":"GEDNotification",
       "exposedws":"Batch",
       "path":null,
       "provider":"BCED",
       "version":"1.0"
    },
    {
       "id":64,
       "category":"private",
       "exposednamespace":null,
       "exposedoperation":"A820",
       "exposedws":"FSAS",
       "path":null,
       "provider":"BCED",
       "version":"1.0"
    },
    {
       "id":59,
       "category":"private",
       "exposednamespace":"http://bced.wallonie.be/services/employmentContract/messages/v1",
       "exposedoperation":"searchContractHistoryByEmployee",
       "exposedws":"employementContractV1",
       "path":"//*[local-name()='personNumber']/text()",
       "provider":"BCED",
       "version":"1.0"
    },
    {
       "id":60,
       "category":"private",
       "exposednamespace":"http://bced.wallonie.be/services/employmentContract/messages/v1",
       "exposedoperation":"searchContractHistoryByEmployer",
       "exposedws":"employementContractV1",
       "path":"//*[local-name()='enterpriseNumber']/text()",
       "provider":"BCED",
       "version":"1.0"
    },
    {
       "id":74,
       "category":"private",
       "exposednamespace":"http://soa.spw.wallonie.be/services/trace/messages/v1",
       "exposedoperation":"publishTrace",
       "exposedws":"Trace",
       "path":null,
       "provider":"BCED",
       "version":"1.0"
    },
    {
       "id":41,
       "category":"private",
       "exposednamespace":"http://bced.wallonie.be/services/aer/messages/v2",
       "exposedoperation":"getTaxCertificateData",
       "exposedws":"AER",
       "path":"//*[local-name()='personNumber']/text()",
       "provider":"BCED",
       "version":"2.0"
    },
    {
       "id":53,
       "category":"private",
       "exposednamespace":"http://be.nrb.genesis2/wsbatch",
       "exposedoperation":"request",
       "exposedws":"Batch",
       "path":"//*[local-name()='SSIN']/text()",
       "provider":"BCED",
       "version":"1.0"
    },
    {
       "id":65,
       "category":"private",
       "exposednamespace":"http://bced.wallonie.be/services/AerService/messages/v1",
       "exposedoperation":"getTaxCertificateData",
       "exposedws":"AER",
       "path":"//*[local-name()='SSIN']/text()",
       "provider":"BCED",
       "version":"1.0"
    },
    {
       "id":70,
       "category":"public",
       "exposednamespace":"http://bced.wallonie.be/services/rspw",
       "exposedoperation":"queryPreparedStatement",
       "exposedws":"EnterpriseV1",
       "path":null,
       "provider":"BCED",
       "version":"1.0"
    },
    {
       "id":71,
       "category":"public",
       "exposednamespace":"http://bced.wallonie.be/services/rspw",
       "exposedoperation":"getEntrepInfo",
       "exposedws":"EnterpriseV1",
       "path":null,
       "provider":"BCED",
       "version":"1.0"
    },
    {
       "id":36,
       "category":"private",
       "exposednamespace":"http://bced.wallonie.be/services/enterprise/messages/v2",
       "exposedoperation":"getEnterprise",
       "exposedws":"Enterprise",
       "path":"//*[local-name()='enterpriseNumber']/text()",
       "provider":"BCED",
       "version":"2.0"
    },
    {
       "id":37,
       "category":"public",
       "exposednamespace":"http://bced.wallonie.be/services/enterprise/messages/v2",
       "exposedoperation":"searchEnterprise",
       "exposedws":"Enterprise",
       "path":null,
       "provider":"BCED",
       "version":"2.0"
    },
    {
       "id":38,
       "category":"private",
       "exposednamespace":"http://bced.wallonie.be/services/employmentContract/messages/v1",
       "exposedoperation":"getContractHistoryBySSIN",
       "exposedws":"EmploymentContract",
       "path":null,
       "provider":"BCED",
       "version":"1.0"
    },
    {
       "id":42,
       "category":"private",
       "exposednamespace":"http://bced.wallonie.be/services/enterprise/messages/v2",
       "exposedoperation":"searchEnterprise",
       "exposedws":"Enterprise",
       "path":null,
       "provider":"BCED",
       "version":"2.0"
    },
    {
       "id":46,
       "category":"private",
       "exposednamespace":"http://bced.wallonie.be/services/legacy/dmfa/v1",
       "exposedoperation":"getLegacyDmfAByCBEN",
       "exposedws":"CaliopePE",
       "path":null,
       "provider":"BCED",
       "version":"1.0"
    },
    {
       "id":50,
       "category":"private",
       "exposednamespace":"http://bced.wallonie.be/services/file/messages/v1",
       "exposedoperation":"publishFile",
       "exposedws":"File",
       "path":null,
       "provider":"BCED",
       "version":"1.0"
    },
    {
       "id":61,
       "category":"private",
       "exposednamespace":"http://bced.wallonie.be/services/dmfa/messages/v1",
       "exposedoperation":"getCbssTicket",
       "exposedws":"DmfA",
       "path":null,
       "provider":"BCED",
       "version":"1.0"
    },
    {
       "id":62,
       "category":"private",
       "exposednamespace":"http://bced.wallonie.be/services/dmfa/messages/v1",
       "exposedoperation":"searchDmfaFile",
       "exposedws":"DmfA",
       "path":null,
       "provider":"BCED",
       "version":"1.0"
    },
    {
       "id":72,
       "category":"private",
       "exposednamespace":"http://easi.wallonie.be/services/v1",
       "exposedoperation":"PhoneticSearch",
       "exposedws":"TRSFE",
       "path":null,
       "provider":"BCED",
       "version":"1.0"
    },
    {
       "id":73,
       "category":"private",
       "exposednamespace":"http://easi.wallonie.be/services/v1",
       "exposedoperation":"SSINSearch",
       "exposedws":"TRSFE",
       "path":null,
       "provider":"BCED",
       "version":"1.0"
    },
    {
       "id":75,
       "category":"public",
       "exposednamespace":"http://spw.wallonie.be/services/compa/v1",
       "exposedoperation":"enregistrerBienGenerique",
       "exposedws":"Compa",
       "path":null,
       "provider":"BCED",
       "version":"1.0"
    },
    {
       "id":22,
       "category":"private",
       "exposednamespace":"http://bced.wallonie.be/services/caliopeIE/messages/v1",
       "exposedoperation":"getWorkersAttestations",
       "exposedws":"DmfA",
       "path":null,
       "provider":"BCED",
       "version":"1.0"
    },
    {
       "id":1,
       "category":"private",
       "exposednamespace":"http://bced.wallonie.be/services/PersonServices/messages/v1",
       "exposedoperation":"getPerson",
       "exposedws":"personne",
       "path":null,
       "provider":"BCED",
       "version":"1.0"
    },
    {
       "id":2,
       "category":"private",
       "exposednamespace":"http://bced.wallonie.be/services/PersonServices/messages/v1",
       "exposedoperation":"searchPersonByName",
       "exposedws":"personne",
       "path":null,
       "provider":"BCED",
       "version":"1.0"
    },
    {
       "id":3,
       "category":"private",
       "exposednamespace":"http://bced.wallonie.be/services/PersonServices/messages/v1",
       "exposedoperation":"searchPersonByAddress",
       "exposedws":"personne",
       "path":null,
       "provider":"BCED",
       "version":"1.0"
    },
    {
       "id":4,
       "category":"private",
       "exposednamespace":"http://bced.wallonie.be/services/HouseHoldService/messages/v1",
       "exposedoperation":"getHousehold",
       "exposedws":"household",
       "path":null,
       "provider":"BCED",
       "version":"1.0"
    },
    {
       "id":5,
       "category":"private",
       "exposednamespace":"http://bced.wallonie.be/services/HouseHoldService/messages/v1",
       "exposedoperation":"getHeadOfHousehold",
       "exposedws":"household",
       "path":null,
       "provider":"BCED",
       "version":"1.0"
    },
    {
       "id":6,
       "category":"private",
       "exposednamespace":"http://bced.wallonie.be/services/HouseHoldService/messages/v1",
       "exposedoperation":"getHouseholdEvents",
       "exposedws":"household",
       "path":null,
       "provider":"BCED",
       "version":"1.0"
    },
    {
       "id":7,
       "category":"private",
       "exposednamespace":"http://bced.wallonie.be/services/HouseHoldService/messages/v1",
       "exposedoperation":"getNumberOfHouseholdMembers",
       "exposedws":"household",
       "path":null,
       "provider":"BCED",
       "version":"1.0"
    },
    {
       "id":8,
       "category":"private",
       "exposednamespace":"http://bced.wallonie.be/services/HouseHoldService/messages/v1",
       "exposedoperation":"isHeadOfHousehold",
       "exposedws":"household",
       "path":null,
       "provider":"BCED",
       "version":"1.0"
    },
    {
       "id":9,
       "category":"private",
       "exposednamespace":"http://bced.wallonie.be/services/ManageInscriptions/messages/v1",
       "exposedoperation":"insertInscription",
       "exposedws":"ManageInscriptions",
       "path":null,
       "provider":"BCED",
       "version":"1.0"
    },
    {
       "id":10,
       "category":"private",
       "exposednamespace":"http://bced.wallonie.be/services/ManageInscriptions/messages/v1",
       "exposedoperation":"deleteInscription",
       "exposedws":"ManageInscriptions",
       "path":null,
       "provider":"BCED",
       "version":"1.0"
    },
    {
       "id":11,
       "category":"private",
       "exposednamespace":"http://bced.wallonie.be/services/enterprise",
       "exposedoperation":"cbeEntityRequest",
       "exposedws":"EnterpriseV1",
       "path":null,
       "provider":"BCED",
       "version":"1.0"
    },
    {
       "id":12,
       "category":"private",
       "exposednamespace":"http://bced.wallonie.be/services/enterprise",
       "exposedoperation":"cbePersonRequest",
       "exposedws":"EnterpriseV1",
       "path":null,
       "provider":"BCED",
       "version":"1.0"
    },
    {
       "id":13,
       "category":"private",
       "exposednamespace":"http://bced.wallonie.be/services/enterprise",
       "exposedoperation":"cbePersonListFunctionsRequest",
       "exposedws":"EnterpriseV1",
       "path":null,
       "provider":"BCED",
       "version":"1.0"
    },
    {
       "id":14,
       "category":"private",
       "exposednamespace":"http://bced.wallonie.be/services/PersonServices/messages/v2",
       "exposedoperation":"getPerson",
       "exposedws":"personne",
       "path":"//*[local-name()='getPerson']/*[local-name()='Request']/*[local-name()='personNumber']/text()",
       "provider":"BCED",
       "version":"2.0"
    },
    {
       "id":15,
       "category":"private",
       "exposednamespace":"http://bced.wallonie.be/services/PersonServices/messages/v2",
       "exposedoperation":"searchPersonByName",
       "exposedws":"personne",
       "path":"//*[local-name()='searchPersonByName']/*[local-name()='Request']/*[local-name()='personName']/*[local-name()='lastName']/text()",
       "provider":"BCED",
       "version":"2.0"
    },
    {
       "id":16,
       "category":"private",
       "exposednamespace":"http://bced.wallonie.be/services/SocialStatus/messages/v1",
       "exposedoperation":"isBIM",
       "exposedws":"socialstatus",
       "path":"//*[local-name()='personNumber']/text()",
       "provider":"BCED",
       "version":"1.0"
    },
    {
       "id":17,
       "category":"private",
       "exposednamespace":"http://bced.wallonie.be/services/vehicle/messages/v1",
       "exposedoperation":"searchVehicleBySSIN",
       "exposedws":"vehicle",
       "path":null,
       "provider":"BCED",
       "version":"1.0"
    },
    {
       "id":18,
       "category":"private",
       "exposednamespace":"http://bced.wallonie.be/services/vehicle/messages/v1",
       "exposedoperation":"searchVehicleByCBEN",
       "exposedws":"vehicle",
       "path":null,
       "provider":"BCED",
       "version":"1.0"
    },
    {
       "id":19,
       "category":"private",
       "exposednamespace":"http://bced.wallonie.be/services/vehicle/messages/v1",
       "exposedoperation":"getVehicleByVIN",
       "exposedws":"vehicle",
       "path":null,
       "provider":"BCED",
       "version":"1.0"
    },
    {
       "id":20,
       "category":"private",
       "exposednamespace":"http://bced.wallonie.be/services/vehicle/messages/v1",
       "exposedoperation":"getVehicleByPlate",
       "exposedws":"vehicle",
       "path":null,
       "provider":"BCED",
       "version":"1.0"
    },
    {
       "id":21,
       "category":"private",
       "exposednamespace":"http://bced.wallonie.be/services/PersonMutationService/messages/v1",
       "exposedoperation":"getMutationsList",
       "exposedws":"personMutations",
       "path":null,
       "provider":"BCED",
       "version":"1.0"
    },
    {
       "id":40,
       "category":"private",
       "exposednamespace":"http://spw.wallonie.be/services/form/messages/v1",
       "exposedoperation":"publishForm",
       "exposedws":"Form",
       "path":null,
       "provider":"SPW",
       "version":"1.0"
    },
    {
       "id":23,
       "category":"private",
       "exposednamespace":"http://bced.wallonie.be/services/PersonServices/messages/v2",
       "exposedoperation":"searchPersonByAddress",
       "exposedws":"personne",
       "path":null,
       "provider":"BCED",
       "version":"2.0"
    },
    {
       "id":43,
       "category":"private",
       "exposednamespace":"http://bced.wallonie.be/services/enterprise/messages/v2",
       "exposedoperation":"searchEnterpriseBySSIN",
       "exposedws":"Entreprise",
       "path":"//*[local-name()='personNumber']/text()",
       "provider":"BCED",
       "version":"2.0"
    },
    {
       "id":45,
       "category":"private",
       "exposednamespace":"http://bced.wallonie.be/services/disabledPerson/messages/v1",
       "exposedoperation":"getDisabledPersonDossier",
       "exposedws":"DisabledPerson",
       "path":"//*[local-name()='request']//*[local-name()='personNumber']/text()",
       "provider":"BCED",
       "version":"1.0"
    },
    {
       "id":47,
       "category":"private",
       "exposednamespace":"http://bced.wallonie.be/services/inscription/messages/v1",
       "exposedoperation":"publishInscription",
       "exposedws":"Inscription",
       "path":"//*[local-name()='personNumber']/text() | //*[local-name()='enterpriseNumber']/text()",
       "provider":"BCED",
       "version":"2.0"
    },
    {
       "id":48,
       "category":"private",
       "exposednamespace":"http://bced.wallonie.be/services/inscription/messages/v1",
       "exposedoperation":"cancelInscription",
       "exposedws":"Inscription",
       "path":"//*[local-name()='personNumber']/text() | //*[local-name()='enterpriseNumber']/text()",
       "provider":"BCED",
       "version":"2.0"
    },
    {
       "id":54,
       "category":"private",
       "exposednamespace":"http://bced.wallonie.be/services/nonProfitEnterprise/messages/v1",
       "exposedoperation":"getNonProfitEnterprise",
       "exposedws":"NonProfitEnterprise",
       "path":"//*[local-name()='enterpriseNumber']/text()",
       "provider":"BCED",
       "version":"1.0"
    },
    {
       "id":55,
       "category":"private",
       "exposednamespace":"http://bced.wallonie.be/services/nonProfitEnterprise/messages/v1",
       "exposedoperation":"publishNonProfitEnterprise",
       "exposedws":"NonProfitEnterprise",
       "path":"//*[local-name()='enterpriseNumber']/text()",
       "provider":"BCED",
       "version":"1.0"
    },
    {
       "id":56,
       "category":"private",
       "exposednamespace":null,
       "exposedoperation":null,
       "exposedws":"ConsultImmoData",
       "path":null,
       "provider":"SPW",
       "version":"1.0"
    },
    {
       "id":57,
       "category":"private",
       "exposednamespace":null,
       "exposedoperation":null,
       "exposedws":"ConsultImmoTxData",
       "path":null,
       "provider":"SPW",
       "version":"1.0"
    },
    {
       "id":58,
       "category":"private",
       "exposednamespace":"http://bced.wallonie.be/services/inscription/messages/v1",
       "exposedoperation":"extendInscription",
       "exposedws":"Inscription",
       "path":"//personNumber/text() | //enterpriseNumber/text()",
       "provider":"BCED",
       "version":"2.0"
    },
    {
       "id":63,
       "category":"private",
       "exposednamespace":null,
       "exposedoperation":"fsas",
       "exposedws":"BATCH",
       "path":"//INSS",
       "provider":"BCED",
       "version":"1.0"
    },
    {
       "id":66,
       "category":"public",
       "exposednamespace":"http://bced.wallonie.be/services/enterprise",
       "exposedoperation":"getFullData",
       "exposedws":"EnterpriseV1",
       "path":null,
       "provider":"BCED",
       "version":"1.0"
    },
    {
       "id":67,
       "category":"public",
       "exposednamespace":"http://bced.wallonie.be/services/enterprise",
       "exposedoperation":"getSummaryData",
       "exposedws":"EnterpriseV1",
       "path":null,
       "provider":"BCED",
       "version":"1.0"
    },
    {
       "id":68,
       "category":"private",
       "exposednamespace":"http://bced.wallonie.be/services/enterprise",
       "exposedoperation":"searchByName",
       "exposedws":"EnterpriseV1",
       "path":null,
       "provider":"BCED",
       "version":"1.0"
    },
    {
       "id":69,
       "category":"private",
       "exposednamespace":"http://bced.wallonie.be/services/enterprise",
       "exposedoperation":"searchByZipCode",
       "exposedws":"EnterpriseV1",
       "path":null,
       "provider":"BCED",
       "version":"1.0"
    },
    {
       "id":76,
       "category":"private",
       "exposednamespace":"http://soa.spw.wallonie.be/services/legacy/dmfa/v1",
       "exposedoperation":"getLegacyDmfAByCBEN",
       "exposedws":"CaliopeIE1",
       "path":null,
       "provider":"BCED2",
       "version":"1.0"
    }
 ]