[  
    {  
       "CDC":[  
          {  
             "functnal_nm":"Customer Loader",
             "functnal_id":"225"
          },
          {  
             "functnal_nm":"Outbound Prep Loader",
             "functnal_id":"221"
          },
          {  
             "functnal_nm":"Mass Load Generator",
             "functnal_id":"218"
          },
          {  
             "functnal_nm":"Danger Kill",
             "functnal_id":"217"
          },
          {  
             "functnal_nm":"PreWave Report",
             "functnal_id":"227"
          },
          {  
             "functnal_nm":"Cubiscan Loader",
             "functnal_id":"211"
          },
          {  
             "functnal_nm":"Job Scheduler",
             "functnal_id":"228"
          },
          {  
             "functnal_nm":"Retail Returns Loader",
             "functnal_id":"215"
          },
          {  
             "functnal_nm":"WCS-WM Inventory Sync",
             "functnal_id":"224"
          }
       ],
       "Tianjin":[  
          {  
             "functnal_nm":"Immediate Needs Loader",
             "functnal_id":"213"
          },
          {  
             "functnal_nm":"PickTicket Profile Loader",
             "functnal_id":"214"
          },
          {  
             "functnal_nm":"Mass Load Generator",
             "functnal_id":"218"
          },
          {  
             "functnal_nm":"Danger Kill",
             "functnal_id":"217"
          },
          {  
             "functnal_nm":"Manual Slotting",
             "functnal_id":"229"
          },
          {  
             "functnal_nm":"PreWave Report",
             "functnal_id":"227"
          },
          {  
             "functnal_nm":"Cubiscan Loader",
             "functnal_id":"211"
          },
          {  
             "functnal_nm":"Mass Update Loader",
             "functnal_id":"219"
          },
          {  
             "functnal_nm":"Ate TJ Slotting",
             "functnal_id":"231"
          },
          {  
             "functnal_nm":"Cubiscan Configurator",
             "functnal_id":"220"
          }
       ],
       "US1":[  
          {  
             "functnal_nm":"Danger Kill",
             "functnal_id":"217"
          },
          {  
             "functnal_nm":"IP Goals Changer",
             "functnal_id":"208"
          },
          {  
             "functnal_nm":"PreWave Report",
             "functnal_id":"227"
          },
          {  
             "functnal_nm":"Cubiscan Loader",
             "functnal_id":"211"
          },
          {  
             "functnal_nm":"WM User Addition",
             "functnal_id":"223"
          },
          {  
             "functnal_nm":"Inpt PickTicket Cleanup",
             "functnal_id":"209"
          }
       ],
       "US2":[  
          {  
             "functnal_nm":"Danger Kill",
             "functnal_id":"217"
          },
          {  
             "functnal_nm":"IP Goals Changer",
             "functnal_id":"208"
          },
          {  
             "functnal_nm":"PreWave Report",
             "functnal_id":"227"
          },
          {  
             "functnal_nm":"Cubiscan Loader",
             "functnal_id":"211"
          },
          {  
             "functnal_nm":"WM User Addition",
             "functnal_id":"223"
          },
          {  
             "functnal_nm":"Inpt PickTicket Cleanup",
             "functnal_id":"209"
          }
       ],
       "Panama":[  
          {  
             "functnal_nm":"Mass Load Generator",
             "functnal_id":"218"
          },
          {  
             "functnal_nm":"Danger Kill",
             "functnal_id":"217"
          },
          {  
             "functnal_nm":"Manual Slotting",
             "functnal_id":"229"
          },
          {  
             "functnal_nm":"PreWave Report",
             "functnal_id":"227"
          },
          {  
             "functnal_nm":"Cubiscan Loader",
             "functnal_id":"211"
          },
          {  
             "functnal_nm":"PickCart Unlock",
             "functnal_id":"205"
          },
          {  
             "functnal_nm":"LM-WM User Addition",
             "functnal_id":"222"
          }
       ],
       "Brazil":[  
        {  
            "functnal_nm":"Dimension Changer",
            "functnal_id":"206"
         },
          {  
             "functnal_nm":"Manifest Carton Remove",
             "functnal_id":"210"
          },
          {  
             "functnal_nm":"Danger Kill",
             "functnal_id":"217"
          },
          {  
             "functnal_nm":"Manual Slotting",
             "functnal_id":"229"
          },
          {  
             "functnal_nm":"PreWave Report",
             "functnal_id":"227"
          },
          {  
             "functnal_nm":"Date Changer",
             "functnal_id":"204"
          },
          {  
             "functnal_nm":"PickCart Unlock",
             "functnal_id":"205"
          }
       ],
       "Mexico":[  
          {  
             "functnal_nm":"Mass Load Generator",
             "functnal_id":"218"
          },
          {  
             "functnal_nm":"Danger Kill",
             "functnal_id":"217"
          },
          {  
             "functnal_nm":"Manual Slotting",
             "functnal_id":"229"
          },
          {  
             "functnal_nm":"PreWave Report",
             "functnal_id":"227"
          },
          {  
             "functnal_nm":"Cubiscan Loader",
             "functnal_id":"211"
          },
          {  
             "functnal_nm":"LM-WM User Addition",
             "functnal_id":"222"
          }
       ],
       "Sef2":[  
          {  
             "functnal_nm":"Danger Kill",
             "functnal_id":"217"
          },
          {  
             "functnal_nm":"Holiday Exclusion",
             "functnal_id":"207"
          },
          {  
             "functnal_nm":"PreWave Report",
             "functnal_id":"227"
          },
          {  
             "functnal_nm":"Dimension Changer",
             "functnal_id":"206"
          },
          {  
             "functnal_nm":"PickTicket PDF Archive",
             "functnal_id":"212"
          }
       ],
       "Suzhou":[  
          {  
             "functnal_nm":"Immediate Needs Loader",
             "functnal_id":"213"
          },
          {  
             "functnal_nm":"PickTicket Profile Loader",
             "functnal_id":"214"
          },
          {  
             "functnal_nm":"Mass Load Generator",
             "functnal_id":"218"
          },
          {  
             "functnal_nm":"Danger Kill",
             "functnal_id":"217"
          },
          {  
             "functnal_nm":"Manual Slotting",
             "functnal_id":"229"
          },
          {  
             "functnal_nm":"PreWave Report",
             "functnal_id":"227"
          },
          {  
             "functnal_nm":"Cubiscan Loader",
             "functnal_id":"211"
          },
          {  
             "functnal_nm":"Slotting Reports",
             "functnal_id":"232"
          },
          {  
             "functnal_nm":"Job Scheduler",
             "functnal_id":"228"
          },
          {  
             "functnal_nm":"Ate Slotting",
             "functnal_id":"230"
          },
          {  
             "functnal_nm":"PickCart Unlock",
             "functnal_id":"205"
          }
       ],
       "SEF1":[  
          {  
             "functnal_nm":"Danger Kill",
             "functnal_id":"217"
          }
       ],
       "Chile":[  
          {  
             "functnal_nm":"Mass Load Generator",
             "functnal_id":"218"
          },
          {  
             "functnal_nm":"Manual Slotting",
             "functnal_id":"229"
          },
          {  
             "functnal_nm":"PreWave Report",
             "functnal_id":"227"
          },
          {  
             "functnal_nm":"Cubiscan Loader",
             "functnal_id":"211"
          }
       ],
       "Montreal":[  
          {  
             "functnal_nm":"Mass Load Generator",
             "functnal_id":"218"
          },
          {  
             "functnal_nm":"Danger Kill",
             "functnal_id":"217"
          },
          {  
             "functnal_nm":"PreWave Report",
             "functnal_id":"227"
          },
          {  
             "functnal_nm":"Cubiscan Loader",
             "functnal_id":"211"
          },
          {  
             "functnal_nm":"Virtual Warehouse",
             "functnal_id":"216"
          },
          {  
             "functnal_nm":"PickCart Unlock",
             "functnal_id":"205"
          }
       ],
       "Korea":[  
          {  
             "functnal_nm":"Mass Load Generator",
             "functnal_id":"218"
          }
       ]
    }
 ]