[
   {
      "id":1,
      "PKT":"test1",
      "HDR":1000,
	  "DTL":1000,
	  "errorMessage":["error1","error2","error3","error4"]
   },
   {
      "id":2,
      "PKT":"test1",
      "HDR":1000,
	  "DTL":1000,
	  "errorMessage":["error1","error2","error3","error4"]
   },
	{
      "id":3,
      "PKT":"test1",
      "HDR":1000,
	  "DTL":1000,
	  "errorMessage":["error1","error2","error3","error4"]
   },
	{
      "id":4,
      "PKT":"test1",
      "HDR":1000,
	  "DTL":1000,
	  "errorMessage":["error1","error2","error3","error4"]
   },
  {
      "id":5,
      "PKT":"test1",
      "HDR":1000,
	  "DTL":1000,
	  "errorMessage":["error1","error2","error3","error4"]
   },
	{
      "id":6,
      "PKT":"test1",
      "HDR":1000,
	  "DTL":1000,
	  "errorMessage":["error1","error2","error3","error4"]
   }, 
    {
      "id":7,
      "PKT":"test1",
      "HDR":1000,
	  "DTL":1000,
	  "errorMessage":["error1","error2","error3","error4"]
   },
  {
      "id":8,
      "PKT":"test1",
      "HDR":1000,
	  "DTL":1000,
	  "errorMessage":["error1","error2","error3","error4"]
   }   
]

